{
  "userinfo": {
    "userid": "1",
    "username": "xtadmin"
  },
  "wfid": "745b3dce026d4eb4922e7ec2fdde091d",
  "currstepid": "19afdf9f42b44ac89e52c501e60b70ac",
  "actiontype": 0,
  "priotiry": "-1",
  "cc": [],
  "handler_text": "",
  "attch": [],
  "process_name": "",
  "business_data": "[{\"key\":\"dailyno\",\"value\":\"11\"},{\"key\":\"workweek\",\"value\":\"22\"},{\"key\":\"writedate\",\"value\":\"\"},{\"key\":\"testtime\",\"value\":\"\"},{\"key\":\"testdatetime\",\"value\":\"\"},{\"key\":\"username\",\"value\":\"\"},{\"key\":\"stationname\",\"value\":\"\"},{\"key\":\"empname\",\"value\":\"\"},{\"key\":\"sumdate\",\"value\":\"\"},{\"key\":\"auditdate\",\"value\":\"\"},{\"key\":\"officename\",\"value\":\"\"},{\"key\":\"tasktype\",\"value\":\"\"},{\"key\":\"projectno\",\"value\":\"\"},{\"key\":\"projectname\",\"value\":\"\"},{\"key\":\"stage\",\"value\":\"\"},{\"key\":\"outname\",\"value\":\"\"},{\"key\":\"workhour\",\"value\":\"\"},{\"key\":\"outurl\",\"value\":\"\"},{\"key\":\"taskdesc\",\"value\":\"\"},{\"key\":\"extendcheckfield1\",\"value\":\"\"},{\"key\":\"extendradiofield2\",\"value\":\"\"}]",
  "business_no": "5605298008031916",
  "nextstep": [
    {
      "stepid": "001043a3c6f84ec1bad99424746f5fe0",
      "auditor": [
        {
          "user_id": "1",
          "user_name": "[管理员]xtadmin",
          "userid": "1",
          "username": "[管理员]xtadmin"
        }
      ],
      "step_name": "普通任务",
      "step_type": 1
    }
  ]
}
